{"cameraMode":{"drawMode":0,"name":"Shaded","section":"Shading Mode"},"sceneLighting":true,"audioPlay":false,"sceneViewState":{"m_AlwaysRefresh":false,"showFog":true,"showSkybox":true,"showFlares":true,"showImageEffects":true,"showParticleSystems":true,"showVisualEffectGraphs":true,"m_FxEnabled":true},"in2DMode":false,"pivot":{"x":287.29034423828127,"y":183.15997314453126,"z":3.099381923675537},"rotation":{"x":0.03571058064699173,"y":0.013826264068484307,"z":-0.00023581388813909143,"w":0.9994013905525208},"size":136.61973571777345,"orthographic":false}