{"cameraMode":{"drawMode":0,"name":"Shaded","section":"Shading Mode"},"sceneLighting":true,"audioPlay":false,"sceneViewState":{"m_AlwaysRefresh":false,"showFog":true,"showSkybox":true,"showFlares":true,"showImageEffects":true,"showParticleSystems":true,"showVisualEffectGraphs":true,"m_FxEnabled":true},"in2DMode":false,"pivot":{"x":-12.108217239379883,"y":3.236482620239258,"z":15.191843032836914},"rotation":{"x":-0.24669797718524934,"y":0.016567373648285867,"z":-0.00421857787296176,"w":-0.9689370393753052},"size":44.91128158569336,"orthographic":false}